{
  "employee":[ [
    {"id":"1","container_name":"api-admin-user-management","message":"catalogten0_.tnt_logo_url as tnt_log10_0_,","timestamp":"2023-10-13T17:22:37.196436551Z"
  }],
  [
    {"id":"2","container_name":"api-admin-user-management","message":"catalogten0_.tnt_logo_url as tnt_log10_0_,","timestamp":"2023-10-13T17:22:37.196436551Z"
  }
   
  ]
,[
  {"id":"3","container_name":"api-admin-user-management","message":"catalogten0_.tnt_logo_url as tnt_log10_0_,","timestamp":"2023-10-13T17:22:37.196436551Z"
}],
  [{"id":"4","container_name":"api-admin-user-management","message":"catalogten0_.tnt_logo_url as tnt_log10_0_,","timestamp":"2023-10-13T17:22:37.196436551Z"
}
],

[{"id":"5","container_name":"api-admin-user-management","message":"catalogten0_.tnt_logo_url as tnt_log10_0_,","timestamp":"2023-10-13T17:22:37.196436551Z"
}],
  [{"id":"6","container_name":"api-admin-user-management","message":"catalogten0_.tnt_logo_url as tnt_log10_0_,","timestamp":"2023-10-13T17:22:37.196436551Z"
}],
[{"id":"6","container_name":"api-admin-user-management","message":"catalogten0_.tnt_logo_url as tnt_log10_0_,","timestamp":"2023-10-13T17:22:37.196436551Z"
}],
[{"id":"6","container_name":"api-admin-user-management","message":"catalogten0_.tnt_logo_url as tnt_log10_0_,","timestamp":"2023-10-13T17:22:37.196436551Z"
}],
[{"id":"6","container_name":"api-admin-user-management","message":"catalogten0_.tnt_logo_url as tnt_log10_0_,","timestamp":"2023-10-13T17:22:37.196436551Z"
}],
[{"id":"6","container_name":"api-admin-user-management","message":"catalogten0_.tnt_logo_url as tnt_log10_0_,","timestamp":"2023-10-13T17:22:37.196436551Z"
}],
[{"id":"6","container_name":"api-admin-user-management","message":"catalogten0_.tnt_logo_url as tnt_log10_0_,","timestamp":"2023-10-13T17:22:37.196436551Z"
}],
[{"id":"6","container_name":"api-admin-user-management","message":"catalogten0_.tnt_logo_url as tnt_log10_0_,","timestamp":"2023-10-13T17:22:37.196436551Z"
}],
[{"id":"6","container_name":"api-admin-user-management","message":"catalogten0_.tnt_logo_url as tnt_log10_0_,","timestamp":"2023-10-13T17:22:37.196436551Z"
}],
[{"id":"6","container_name":"api-admin-user-management","message":"catalogten0_.tnt_logo_url as tnt_log10_0_,","timestamp":"2023-10-13T17:22:37.196436551Z"
}],
[{"id":"6","container_name":"api-admin-user-management","message":"catalogten0_.tnt_logo_url as tnt_log10_0_,","timestamp":"2023-10-13T17:22:37.196436551Z"
}],
[{"id":"6","container_name":"api-admin-user-management","message":"catalogten0_.tnt_logo_url as tnt_log10_0_,","timestamp":"2023-10-13T17:22:37.196436551Z"
}],
[{"id":"6","container_name":"api-admin-user-management","message":"catalogten0_.tnt_logo_url as tnt_log10_0_,","timestamp":"2023-10-13T17:22:37.196436551Z"
}],
[{"id":"6","container_name":"api-admin-user-management","message":"catalogten0_.tnt_logo_url as tnt_log10_0_,","timestamp":"2023-10-13T17:22:37.196436551Z"
}],
[{"id":"6","container_name":"api-admin-user-management","message":"catalogten0_.tnt_logo_url as tnt_log10_0_,","timestamp":"2023-10-13T17:22:37.196436551Z"
}],
  [{"id":"6","container_name":"api-admin-user-management","message":"catalogten0_.tnt_logo_url as tnt_log10_0_,","timestamp":"2023-10-13T17:22:37.196436551Z"
}],
  [{"id":"6","container_name":"api-admin-user-management","message":"catalogten0_.tnt_logo_url as tnt_log10_0_,","timestamp":"2023-10-13T17:22:37.196436551Z"
}],
  [{"id":"6","container_name":"api-admin-user-management","message":"catalogten0_.tnt_logo_url as tnt_log10_0_,","timestamp":"2023-10-13T17:22:37.196436551Z"
}],
  [{"id":"6","container_name":"api-admin-user-management","message":"catalogten0_.tnt_logo_url as tnt_log10_0_,","timestamp":"2023-10-13T17:22:37.196436551Z"
}],
[{"id":"6","container_name":"api-admin-user-management","message":"catalogten0_.tnt_logo_url as tnt_log10_0_,","timestamp":"2023-10-13T17:22:37.196436551Z"
}],
  [{"id":"6","container_name":"api-admin-user-management","message":"catalogten0_.tnt_logo_url as tnt_log10_0_,","timestamp":"2023-10-13T17:22:37.196436551Z"
}],
  [{"id":"6","container_name":"api-admin-user-management","message":"catalogten0_.tnt_logo_url as tnt_log10_0_,","timestamp":"2023-10-13T17:22:37.196436551Z"
}],
  [{"id":"6","container_name":"api-admin-user-management","message":"catalogten0_.tnt_logo_url as tnt_log10_0_,","timestamp":"2023-10-13T17:22:37.196436551Z"
}],
  [{"id":"6","container_name":"api-admin-user-management","message":"catalogten0_.tnt_logo_url as tnt_log10_0_,","timestamp":"2023-10-13T17:22:37.196436551Z"
}],
  [{"id":"6","container_name":"api-admin-user-management","message":"catalogten0_.tnt_logo_url as tnt_log10_0_,","timestamp":"2023-10-13T17:22:37.196436551Z"
}],
  [{"id":"6","container_name":"api-admin-user-management","message":"catalogten0_.tnt_logo_url as tnt_log10_0_,","timestamp":"2023-10-13T17:22:37.196436551Z"
}],
  [{"id":"6","container_name":"api-admin-user-management","message":"catalogten0_.tnt_logo_url as tnt_log10_0_,","timestamp":"2023-10-13T17:22:37.196436551Z"
}],
  [{"id":"6","container_name":"api-admin-user-management","message":"catalogten0_.tnt_logo_url as tnt_log10_0_,","timestamp":"2023-10-13T17:22:37.196436551Z"
}],
  [{"id":"6","container_name":"api-admin-user-management","message":"catalogten0_.tnt_logo_url as tnt_log10_0_,","timestamp":"2023-10-13T17:22:37.196436551Z"
}],
  [{"id":"6","container_name":"api-admin-user-management","message":"catalogten0_.tnt_logo_url as tnt_log10_0_,","timestamp":"2023-10-13T17:22:37.196436551Z"
}],
  [{"id":"6","container_name":"api-admin-user-management","message":"catalogten0_.tnt_logo_url as tnt_log10_0_,","timestamp":"2023-10-13T17:22:37.196436551Z"
}],
  [{"id":"6","container_name":"api-admin-user-management","message":"catalogten0_.tnt_logo_url as tnt_log10_0_,","timestamp":"2023-10-13T17:22:37.196436551Z"
}],
  [{"id":"6","container_name":"api-admin-user-management","message":"catalogten0_.tnt_logo_url as tnt_log10_0_,","timestamp":"2023-10-13T17:22:37.196436551Z"
}],
  [{"id":"6","container_name":"api-admin-user-management","message":"catalogten0_.tnt_logo_url as tnt_log10_0_,","timestamp":"2023-10-13T17:22:37.196436551Z"
}],
  [{"id":"6","container_name":"api-admin-user-management","message":"catalogten0_.tnt_logo_url as tnt_log10_0_,","timestamp":"2023-10-13T17:22:37.196436551Z"
}],
  [{"id":"6","container_name":"api-admin-user-management","message":"catalogten0_.tnt_logo_url as tnt_log10_0_,","timestamp":"2023-10-13T17:22:37.196436551Z"
}],
  [{"id":"6","container_name":"api-admin-user-management","message":"catalogten0_.tnt_logo_url as tnt_log10_0_,","timestamp":"2023-10-13T17:22:37.196436551Z"
}],
  [{"id":"6","container_name":"api-admin-user-management","message":"catalogten0_.tnt_logo_url as tnt_log10_0_,","timestamp":"2023-10-13T17:22:37.196436551Z"
}],
  [{"id":"6","container_name":"api-admin-user-management","message":"catalogten0_.tnt_logo_url as tnt_log10_0_,","timestamp":"2023-10-13T17:22:37.196436551Z"
}],
  [{"id":"6","container_name":"api-admin-user-management","message":"catalogten0_.tnt_logo_url as tnt_log10_0_,","timestamp":"2023-10-13T17:22:37.196436551Z"
}],
  [{"id":"6","container_name":"api-admin-user-management","message":"catalogten0_.tnt_logo_url as tnt_log10_0_,","timestamp":"2023-10-13T17:22:37.196436551Z"
}],
  [{"id":"6","container_name":"api-admin-user-management","message":"catalogten0_.tnt_logo_url as tnt_log10_0_,","timestamp":"2023-10-13T17:22:37.196436551Z"
}],
  [{"id":"6","container_name":"api-admin-user-management","message":"catalogten0_.tnt_logo_url as tnt_log10_0_,","timestamp":"2023-10-13T17:22:37.196436551Z"
}],
  [{"id":"6","container_name":"api-admin-user-management","message":"catalogten0_.tnt_logo_url as tnt_log10_0_,","timestamp":"2023-10-13T17:22:37.196436551Z"
}],
  [{"id":"6","container_name":"api-admin-user-management","message":"catalogten0_.tnt_logo_url as tnt_log10_0_,","timestamp":"2023-10-13T17:22:37.196436551Z"
}],
  [{"id":"6","container_name":"api-admin-user-management","message":"catalogten0_.tnt_logo_url as tnt_log10_0_,","timestamp":"2023-10-13T17:22:37.196436551Z"
}],
  [{"id":"6","container_name":"api-admin-user-management","message":"catalogten0_.tnt_logo_url as tnt_log10_0_,","timestamp":"2023-10-13T17:22:37.196436551Z"
}],
  [{"id":"6","container_name":"api-admin-user-management","message":"catalogten0_.tnt_logo_url as tnt_log10_0_,","timestamp":"2023-10-13T17:22:37.196436551Z"
}],
  [{"id":"6","container_name":"api-admin-user-management","message":"catalogten0_.tnt_logo_url as tnt_log10_0_,","timestamp":"2023-10-13T17:22:37.196436551Z"
}],
  [{"id":"6","container_name":"api-admin-user-management","message":"catalogten0_.tnt_logo_url as tnt_log10_0_,","timestamp":"2023-10-13T17:22:37.196436551Z"
}],
  [{"id":"6","container_name":"api-admin-user-management","message":"catalogten0_.tnt_logo_url as tnt_log10_0_,","timestamp":"2023-10-13T17:22:37.196436551Z"
}],
  [{"id":"6","container_name":"api-admin-user-management","message":"catalogten0_.tnt_logo_url as tnt_log10_0_,","timestamp":"2023-10-13T17:22:37.196436551Z"
}],
  [{"id":"6","container_name":"api-admin-user-management","message":"catalogten0_.tnt_logo_url as tnt_log10_0_,","timestamp":"2023-10-13T17:22:37.196436551Z"
}],
  [{"id":"6","container_name":"api-admin-user-management","message":"catalogten0_.tnt_logo_url as tnt_log10_0_,","timestamp":"2023-10-13T17:22:37.196436551Z"
}]
,
  [{"id":"6","container_name":"api-admin-user-management","message":"catalogten0_.tnt_logo_url as tnt_log10_0_,","timestamp":"2023-10-13T17:22:37.196436551Z"
}],
[{"id":"6","container_name":"api-admin-user-management","message":"catalogten0_.tnt_logo_url as tnt_log10_0_,","timestamp":"2023-10-13T17:22:37.196436551Z"
}],
  [{"id":"6","container_name":"api-admin-user-management","message":"catalogten0_.tnt_logo_url as tnt_log10_0_,","timestamp":"2023-10-13T17:22:37.196436551Z"
}],
  [{"id":"6","container_name":"api-admin-user-management","message":"catalogten0_.tnt_logo_url as tnt_log10_0_,","timestamp":"2023-10-13T17:22:37.196436551Z"
}],
[{"id":"6","container_name":"api-admin-user-management","message":"catalogten0_.tnt_logo_url as tnt_log10_0_,","timestamp":"2023-10-13T17:22:37.196436551Z"
}],
  [{"id":"6","container_name":"api-admin-user-management","message":"catalogten0_.tnt_logo_url as tnt_log10_0_,","timestamp":"2023-10-13T17:22:37.196436551Z"
}],
  [{"id":"6","container_name":"api-admin-user-management","message":"catalogten0_.tnt_logo_url as tnt_log10_0_,","timestamp":"2023-10-13T17:22:37.196436551Z"
}],
  [{"id":"6","container_name":"api-admin-user-management","message":"catalogten0_.tnt_logo_url as tnt_log10_0_,","timestamp":"2023-10-13T17:22:37.196436551Z"
}],
  [{"id":"6","container_name":"api-admin-user-management","message":"catalogten0_.tnt_logo_url as tnt_log10_0_,","timestamp":"2023-10-13T17:22:37.196436551Z"
}],
  [{"id":"6","container_name":"api-admin-user-management","message":"catalogten0_.tnt_logo_url as tnt_log10_0_,","timestamp":"2023-10-13T17:22:37.196436551Z"
}],
  [{"id":"6","container_name":"api-admin-user-management","message":"catalogten0_.tnt_logo_url as tnt_log10_0_,","timestamp":"2023-10-13T17:22:37.196436551Z"
}],
  [{"id":"6","container_name":"api-admin-user-management","message":"catalogten0_.tnt_logo_url as tnt_log10_0_,","timestamp":"2023-10-13T17:22:37.196436551Z"
}],
  [{"id":"6","container_name":"api-admin-user-management","message":"catalogten0_.tnt_logo_url as tnt_log10_0_,","timestamp":"2023-10-13T17:22:37.196436551Z"
}],
  [{"id":"6","container_name":"api-admin-user-management","message":"catalogten0_.tnt_logo_url as tnt_log10_0_,","timestamp":"2023-10-13T17:22:37.196436551Z"
}],
  [{"id":"6","container_name":"api-admin-user-management","message":"catalogten0_.tnt_logo_url as tnt_log10_0_,","timestamp":"2023-10-13T17:22:37.196436551Z"
}],
  [{"id":"6","container_name":"api-admin-user-management","message":"catalogten0_.tnt_logo_url as tnt_log10_0_,","timestamp":"2023-10-13T17:22:37.196436551Z"
}],
  [{"id":"6","container_name":"api-admin-user-management","message":"catalogten0_.tnt_logo_url as tnt_log10_0_,","timestamp":"2023-10-13T17:22:37.196436551Z"
}],
  [{"id":"6","container_name":"api-admin-user-management","message":"catalogten0_.tnt_logo_url as tnt_log10_0_,","timestamp":"2023-10-13T17:22:37.196436551Z"
}],
  [{"id":"6","container_name":"api-admin-user-management","message":"catalogten0_.tnt_logo_url as tnt_log10_0_,","timestamp":"2023-10-13T17:22:37.196436551Z"
}],
  [{"id":"6","container_name":"api-admin-user-management","message":"catalogten0_.tnt_logo_url as tnt_log10_0_,","timestamp":"2023-10-13T17:22:37.196436551Z"
}],
  [{"id":"6","container_name":"api-admin-user-management","message":"catalogten0_.tnt_logo_url as tnt_log10_0_,","timestamp":"2023-10-13T17:22:37.196436551Z"
}],
  [{"id":"6","container_name":"api-admin-user-management","message":"catalogten0_.tnt_logo_url as tnt_log10_0_,","timestamp":"2023-10-13T17:22:37.196436551Z"
}],
  [{"id":"6","container_name":"api-admin-user-management","message":"catalogten0_.tnt_logo_url as tnt_log10_0_,","timestamp":"2023-10-13T17:22:37.196436551Z"
}],
  [{"id":"6","container_name":"api-admin-user-management","message":"catalogten0_.tnt_logo_url as tnt_log10_0_,","timestamp":"2023-10-13T17:22:37.196436551Z"
}],
  [{"id":"6","container_name":"api-admin-user-management","message":"catalogten0_.tnt_logo_url as tnt_log10_0_,","timestamp":"2023-10-13T17:22:37.196436551Z"
}],
  [{"id":"6","container_name":"api-admin-user-management","message":"catalogten0_.tnt_logo_url as tnt_log10_0_,","timestamp":"2023-10-13T17:22:37.196436551Z"
}],
  [{"id":"6","container_name":"api-admin-user-management","message":"catalogten0_.tnt_logo_url as tnt_log10_0_,","timestamp":"2023-10-13T17:22:37.196436551Z"
}],
  [{"id":"6","container_name":"api-admin-user-management","message":"catalogten0_.tnt_logo_url as tnt_log10_0_,","timestamp":"2023-10-13T17:22:37.196436551Z"
}],
  [{"id":"6","container_name":"api-admin-user-management","message":"catalogten0_.tnt_logo_url as tnt_log10_0_,","timestamp":"2023-10-13T17:22:37.196436551Z"
}],
  [{"id":"6","container_name":"api-admin-user-management","message":"catalogten0_.tnt_logo_url as tnt_log10_0_,","timestamp":"2023-10-13T17:22:37.196436551Z"
}],
  [{"id":"6","container_name":"api-admin-user-management","message":"catalogten0_.tnt_logo_url as tnt_log10_0_,","timestamp":"2023-10-13T17:22:37.196436551Z"
}],
  [{"id":"6","container_name":"api-admin-user-management","message":"catalogten0_.tnt_logo_url as tnt_log10_0_,","timestamp":"2023-10-13T17:22:37.196436551Z"
}],
  [{"id":"6","container_name":"api-admin-user-management","message":"catalogten0_.tnt_logo_url as tnt_log10_0_,","timestamp":"2023-10-13T17:22:37.196436551Z"
}],
  [{"id":"6","container_name":"api-admin-user-management","message":"catalogten0_.tnt_logo_url as tnt_log10_0_,","timestamp":"2023-10-13T17:22:37.196436551Z"
}],
  [{"id":"6","container_name":"api-admin-user-management","message":"catalogten0_.tnt_logo_url as tnt_log10_0_,","timestamp":"2023-10-13T17:22:37.196436551Z"
}],
  [{"id":"6","container_name":"api-admin-user-management","message":"catalogten0_.tnt_logo_url as tnt_log10_0_,","timestamp":"2023-10-13T17:22:37.196436551Z"
}],
  [{"id":"6","container_name":"api-admin-user-management","message":"catalogten0_.tnt_logo_url as tnt_log10_0_,","timestamp":"2023-10-13T17:22:37.196436551Z"
}],
  [{"id":"6","container_name":"api-admin-user-management","message":"catalogten0_.tnt_logo_url as tnt_log10_0_,","timestamp":"2023-10-13T17:22:37.196436551Z"
}],
  [{"id":"6","container_name":"api-admin-user-management","message":"catalogten0_.tnt_logo_url as tnt_log10_0_,","timestamp":"2023-10-13T17:22:37.196436551Z"
}],
  [{"id":"6","container_name":"api-admin-user-management","message":"catalogten0_.tnt_logo_url as tnt_log10_0_,","timestamp":"2023-10-13T17:22:37.196436551Z"
}],
  [{"id":"6","container_name":"api-admin-user-management","message":"catalogten0_.tnt_logo_url as tnt_log10_0_,","timestamp":"2023-10-13T17:22:37.196436551Z"
}],
  [{"id":"6","container_name":"api-admin-user-management","message":"catalogten0_.tnt_logo_url as tnt_log10_0_,","timestamp":"2023-10-13T17:22:37.196436551Z"
}],
  [{"id":"6","container_name":"api-admin-user-management","message":"catalogten0_.tnt_logo_url as tnt_log10_0_,","timestamp":"2023-10-13T17:22:37.196436551Z"
}],
  [{"id":"6","container_name":"api-admin-user-management","message":"catalogten0_.tnt_logo_url as tnt_log10_0_,","timestamp":"2023-10-13T17:22:37.196436551Z"
}],
  [{"id":"6","container_name":"api-admin-user-management","message":"catalogten0_.tnt_logo_url as tnt_log10_0_,","timestamp":"2023-10-13T17:22:37.196436551Z"
}],
  [{"id":"6","container_name":"api-admin-user-management","message":"catalogten0_.tnt_logo_url as tnt_log10_0_,","timestamp":"2023-10-13T17:22:37.196436551Z"
}],
[{"id":"6","container_name":"api-admin-user-management","message":"catalogten0_.tnt_logo_url as tnt_log10_0_,","timestamp":"2023-10-13T17:22:37.196436551Z"
}],
[{"id":"6","container_name":"api-admin-user-management","message":"catalogten0_.tnt_logo_url as tnt_log10_0_,","timestamp":"2023-10-13T17:22:37.196436551Z"
}],
  [{"id":"6","container_name":"api-admin-user-management","message":"catalogten0_.tnt_logo_url as tnt_log10_0_,","timestamp":"2023-10-13T17:22:37.196436551Z"
}],
[{"id":"6","container_name":"api-admin-user-management","message":"catalogten0_.tnt_logo_url as tnt_log10_0_,","timestamp":"2023-10-13T17:22:37.196436551Z"
}],
[{"id":"6","container_name":"api-admin-user-management","message":"catalogten0_.tnt_logo_url as tnt_log10_0_,","timestamp":"2023-10-13T17:22:37.196436551Z"
}],
  [{"id":"6","container_name":"api-admin-user-management","message":"catalogten0_.tnt_logo_url as tnt_log10_0_,","timestamp":"2023-10-13T17:22:37.196436551Z"
}],
  [{"id":"6","container_name":"api-admin-user-management","message":"catalogten0_.tnt_logo_url as tnt_log10_0_,","timestamp":"2023-10-13T17:22:37.196436551Z"
}],
  [{"id":"6","container_name":"api-admin-user-management","message":"catalogten0_.tnt_logo_url as tnt_log10_0_,","timestamp":"2023-10-13T17:22:37.196436551Z"
}],
  [{"id":"6","container_name":"api-admin-user-management","message":"catalogten0_.tnt_logo_url as tnt_log10_0_,","timestamp":"2023-10-13T17:22:37.196436551Z"
}],
  [{"id":"6","container_name":"api-admin-user-management","message":"catalogten0_.tnt_logo_url as tnt_log10_0_,","timestamp":"2023-10-13T17:22:37.196436551Z"
}],
  [{"id":"6","container_name":"api-admin-user-management","message":"catalogten0_.tnt_logo_url as tnt_log10_0_,","timestamp":"2023-10-13T17:22:37.196436551Z"
}],
  [{"id":"6","container_name":"api-admin-user-management","message":"catalogten0_.tnt_logo_url as tnt_log10_0_,","timestamp":"2023-10-13T17:22:37.196436551Z"
}],
[{"id":"6","container_name":"api-admin-user-management","message":"catalogten0_.tnt_logo_url as tnt_log10_0_,","timestamp":"2023-10-13T17:22:37.196436551Z"
}],
[{"id":"6","container_name":"api-admin-user-management","message":"catalogten0_.tnt_logo_url as tnt_log10_0_,","timestamp":"2023-10-13T17:22:37.196436551Z"
}],
  [{"id":"6","container_name":"api-admin-user-management","message":"catalogten0_.tnt_logo_url as tnt_log10_0_,","timestamp":"2023-10-13T17:22:37.196436551Z"
}],
[{"id":"6","container_name":"api-admin-user-management","message":"catalogten0_.tnt_logo_url as tnt_log10_0_,","timestamp":"2023-10-13T17:22:37.196436551Z"
}],
  [{"id":"6","container_name":"api-admin-user-management","message":"catalogten0_.tnt_logo_url as tnt_log10_0_,","timestamp":"2023-10-13T17:22:37.196436551Z"
}],
  [{"id":"6","container_name":"api-admin-user-management","message":"catalogten0_.tnt_logo_url as tnt_log10_0_,","timestamp":"2023-10-13T17:22:37.196436551Z"
}],
  [{"id":"6","container_name":"api-admin-user-management","message":"catalogten0_.tnt_logo_url as tnt_log10_0_,","timestamp":"2023-10-13T17:22:37.196436551Z"
}],
  [{"id":"6","container_name":"api-admin-user-management","message":"catalogten0_.tnt_logo_url as tnt_log10_0_,","timestamp":"2023-10-13T17:22:37.196436551Z"
}],
[{"id":"6","container_name":"api-admin-user-management","message":"catalogten0_.tnt_logo_url as tnt_log10_0_,","timestamp":"2023-10-13T17:22:37.196436551Z"
}],
  [{"id":"6","container_name":"api-admin-user-management","message":"catalogten0_.tnt_logo_url as tnt_log10_0_,","timestamp":"2023-10-13T17:22:37.196436551Z"
}],
[{"id":"6","container_name":"api-admin-user-management","message":"catalogten0_.tnt_logo_url as tnt_log10_0_,","timestamp":"2023-10-13T17:22:37.196436551Z"
}],
  [{"id":"6","container_name":"api-admin-user-management","message":"catalogten0_.tnt_logo_url as tnt_log10_0_,","timestamp":"2023-10-13T17:22:37.196436551Z"
}],
  [{"id":"6","container_name":"api-admin-user-management","message":"catalogten0_.tnt_logo_url as tnt_log10_0_,","timestamp":"2023-10-13T17:22:37.196436551Z"
}],
  [{"id":"6","container_name":"api-admin-user-management","message":"catalogten0_.tnt_logo_url as tnt_log10_0_,","timestamp":"2023-10-13T17:22:37.196436551Z"
}],
[{"id":"6","container_name":"api-admin-user-management","message":"catalogten0_.tnt_logo_url as tnt_log10_0_,","timestamp":"2023-10-13T17:22:37.196436551Z"
}],
  [{"id":"6","container_name":"api-admin-user-management","message":"catalogten0_.tnt_logo_url as tnt_log10_0_,","timestamp":"2023-10-13T17:22:37.196436551Z"
}],
  [{"id":"6","container_name":"api-admin-user-management","message":"catalogten0_.tnt_logo_url as tnt_log10_0_,","timestamp":"2023-10-13T17:22:37.196436551Z"
}],
[{"id":"6","container_name":"api-admin-user-management","message":"catalogten0_.tnt_logo_url as tnt_log10_0_,","timestamp":"2023-10-13T17:22:37.196436551Z"
}],
  [{"id":"6","container_name":"api-admin-user-management","message":"catalogten0_.tnt_logo_url as tnt_log10_0_,","timestamp":"2023-10-13T17:22:37.196436551Z"
}],
  [{"id":"6","container_name":"api-admin-user-management","message":"catalogten0_.tnt_logo_url as tnt_log10_0_,","timestamp":"2023-10-13T17:22:37.196436551Z"
}],
  [{"id":"6","container_name":"api-admin-user-management","message":"catalogten0_.tnt_logo_url as tnt_log10_0_,","timestamp":"2023-10-13T17:22:37.196436551Z"
}],
  [{"id":"6","container_name":"api-admin-user-management","message":"catalogten0_.tnt_logo_url as tnt_log10_0_,","timestamp":"2023-10-13T17:22:37.196436551Z"
}],
  [{"id":"6","container_name":"api-admin-user-management","message":"catalogten0_.tnt_logo_url as tnt_log10_0_,","timestamp":"2023-10-13T17:22:37.196436551Z"
}]]
  
  
}